stimulus,Con_Name
矮子,word1
爱情,word2
安静,word3
安全,word4
安慰,word5
安葬,word6
安装,word7
案件,word8
版本,word9
包裹,word10
包含,word11
堡垒,word12
抱,word13
爆炸,word14
背,word15
被捕,word16
被告人,word17
奔放,word18
比例,word19
必要,word20
避免,word21
鞭子,word22
便利,word23
便宜,word24
标注,word25
标准,word26
表面,word27
别墅,word28
病人,word29
拨款,word30
波浪,word31
玻璃,word32
博学,word33
簸箕,word34
捕食,word35
捕鱼,word36
财富,word37
菜肴,word38
参加,word39
参谋,word40
蚕丝,word41
惭愧,word42
仓库,word43
草,word44
测量,word45
产业,word46
巢穴,word47
车站,word48
撤销,word49
沉默,word50
称赞,word51
成员,word52
承认,word53
城市,word54
吃,word55
吃苦,word56
抽,word57
抽签,word58
筹集,word59
出版,word60
出席,word61
出现,word62
出租,word63
处方,word64
触角,word65
粗暴,word66
催促,word67
存在,word68
错误,word69
打扮,word70
打击,word71
打雷,word72
打球,word73
逮捕,word74
担心,word75
弹药,word76
刀具,word77
导致,word78
岛屿,word79
到期,word80
倒立,word81
倒塌,word82
道德,word83
道路,word84
道歉,word85
得意,word86
地面,word87
等级,word88
敌对,word89
点心,word90
点缀,word91
电报,word92
电线,word93
电影,word94
电影院,word95
垫子,word96
调查,word97
调解,word98
调味品,word99
跌倒,word100
陡峭,word101
赌徒,word102
堆积,word103
兑换,word104
儿童,word105
耳,word106
发动,word107
发抖,word108
发光,word109
发烧,word110
发射,word111
法律,word112
翻腾,word113
翻译,word114
繁荣,word115
反省,word116
犯规,word117
方法,word118
防守,word119
妨碍,word120
房间,word121
放假,word122
飞机,word123
非法,word124
肥料,word125
肥皂,word126
分类,word127
分歧,word128
坟墓,word129
愤怒,word130
丰富,word131
锋利,word132
缝纫,word133
夫妻,word134
服务员,word135
俘虏,word136
抚养,word137
腐烂,word138
复杂,word139
富裕,word140
改变,word141
干燥,word142
高尚,word143
高兴,word144
给予,word145
跟踪,word146
工厂,word147
工程,word148
工人,word149
工资,word150
工作,word151
公开,word152
攻击,word153
沟渠,word154
狗,word155
孤立,word156
骨骼,word157
骨架,word158
鼓励,word159
顾客,word160
雇用,word161
怪人,word162
棺材,word163
管理,word164
灌溉,word165
罐子,word166
光滑,word167
光荣,word168
广播,word169
广场,word170
广泛,word171
龟,word172
规则,word173
贵族,word174
锅巴,word175
国家,word176
海参,word177
海豚,word178
海洋,word179
害怕,word180
焊接,word181
豪华,word182
号码,word183
合格,word184
合作,word185
核心,word186
盒子,word187
黑,word188
黑暗,word189
胡同,word190
胡子,word191
湖泊,word192
花朵,word193
花费,word194
化妆,word195
化妆品,word196
怀孕,word197
荒地,word198
荒废,word199
皇宫,word200
黄,word201
蝗虫,word202
灰尘,word203
徽章,word204
回报,word205
会议,word206
绘画,word207
贿赂,word208
火箭,word209
货币,word210
击败,word211
机智,word212
积极,word213
急切,word214
疾病,word215
计划,word216
记录,word217
记帐,word218
记者,word219
假装,word220
驾驶,word221
驾驶员,word222
尖,word223
坚定,word224
艰苦,word225
监督,word226
监狱,word227
简单,word228
简短,word229
建筑,word230
健康,word231
讲话,word232
讲课,word233
交叉,word234
胶,word235
胶片,word236
角落,word237
搅拌,word238
叫,word239
教堂,word240
教徒,word241
教育,word242
接受,word243
接吻,word244
揭露,word245
节目,word246
结婚,word247
解决,word248
解释,word249
介绍,word250
界限,word251
借口,word252
借债,word253
紧张,word254
进攻,word255
晋升,word256
经济,word257
经验,word258
警察,word259
纠缠,word260
拘束,word261
居民,word262
举,word263
举行,word264
拒绝,word265
距离,word266
捐献,word267
决定,word268
卡片,word269
开矿,word270
开始,word271
砍,word272
看,word273
抗议,word274
考核,word275
靠近,word276
科学,word277
可爱,word278
克制,word279
刻板,word280
刻薄,word281
坑道,word282
口,word283
筷子,word284
矿物,word285
昆虫,word286
扩大,word287
拉,word288
蜡烛,word289
蓝,word290
狼,word291
浪子,word292
乐观,word293
乐器,word294
离开,word295
理想,word296
连接,word297
廉洁,word298
粮食,word299
猎手,word300
邻居,word301
领导,word302
留学,word303
流浪,word304
流氓,word305
流行,word306
炉子,word307
陆地,word308
轮胎,word309
骆驼,word310
旅客,word311
旅行,word312
买卖,word313
猫,word314
茂盛,word315
冒充,word316
冒险,word317
冒烟,word318
煤,word319
美丽,word320
美女,word321
萌芽,word322
免疫,word323
面食,word324
描写,word325
民主,word326
名人,word327
名声,word328
明显,word329
模具,word330
木料,word331
目的,word332
耐心,word333
难民,word334
难题,word335
内容,word336
内心,word337
内脏,word338
能力,word339
尿,word340
纽扣,word341
农民,word342
怒火,word343
女人,word344
殴打,word345
偶像,word346
派遣,word347
判断,word348
胖子,word349
抛弃,word350
赔偿,word351
喷,word352
烹饪,word353
朋友,word354
批准,word355
皮肤,word356
皮革,word357
疲倦,word358
偏袒,word359
飘,word360
贫血,word361
频率,word362
聘请,word363
平坦,word364
屏风,word365
破坏,word366
仆人,word367
普通,word368
瀑布,word369
欺骗,word370
乞讨,word371
气,word372
气候,word373
恰当,word374
迁移,word375
前途,word376
强盗,word377
强迫,word378
墙壁,word379
抢劫,word380
切,word381
侵略,word382
亲密,word383
亲戚,word384
勤奋,word385
清澈,word386
清淡,word387
请求,word388
球,word389
驱逐,word390
趋势,word391
取得,word392
权力,word393
缺点,word394
缺少,word395
燃烧,word396
染料,word397
染色,word398
热情,word399
人民,word400
认真,word401
任教,word402
荣誉,word403
溶解,word404
熔化,word405
蠕动,word406
撒,word407
撒娇,word408
沙哑,word409
筛,word410
山,word411
闪电,word412
扇子,word413
善良,word414
伤口,word415
商店,word416
商人,word417
奢侈,word418
设备,word419
射击,word420
伸缩,word421
身高,word422
深,word423
深奥,word424
生活,word425
生物,word426
生长,word427
声音,word428
牲畜,word429
胜利,word430
失眠,word431
失业,word432
失踪,word433
施肥,word434
石,word435
石油,word436
士兵,word437
试探,word438
收割,word439
手套,word440
守信,word441
受伤,word442
受灾,word443
瘦,word444
蔬菜,word445
熟练,word446
树木,word447
树荫,word448
数量,word449
水,word450
水果,word451
水库,word452
水泥,word453
水蚤,word454
说,word455
丝绸,word456
思考,word457
思想,word458
死,word459
饲料,word460
诉讼,word461
损失,word462
太阳,word463
坦克,word464
糖果,word465
逃跑,word466
特征,word467
提供,word468
题材,word469
体格,word470
天亮,word471
天然,word472
挑衅,word473
挑选,word474
铁,word475
停止,word476
通信,word477
同学,word478
统治,word479
头,word480
投稿,word481
投资,word482
图,word483
途径,word484
屠宰,word485
吐,word486
团聚,word487
团体,word488
推动,word489
退休,word490
拖把,word491
拖延,word492
脱险,word493
挖,word494
完整,word495
玩具,word496
忘记,word497
危害,word498
威胁,word499
违法,word500
维生素,word501
伟大,word502
温度,word503
温柔,word504
温室,word505
文化,word506
文具,word507
稳重,word508
问答,word509
握手,word510
巫师,word511
屋檐,word512
五谷,word513
五金,word514
物体,word515
雾,word516
蜥蜴,word517
喜欢,word518
细,word519
细胞,word520
细菌,word521
细腻,word522
虾,word523
狭窄,word524
下雨,word525
险要,word526
现象,word527
陷阱,word528
羡慕,word529
相信,word530
响应,word531
想法,word532
象,word533
消化,word534
消瘦,word535
小说,word536
孝子,word537
笑,word538
协商,word539
携带,word540
鞋,word541
新娘,word542
行礼,word543
兴起,word544
兴趣,word545
幸福,word546
许愿,word547
宣布,word548
悬挂,word549
旋转,word550
选举,word551
炫耀,word552
学生,word553
雪,word554
雪橇,word555
血液,word556
寻找,word557
巡逻,word558
循环,word559
训练,word560
鸭,word561
严肃,word562
盐,word563
颜色,word564
掩护,word565
眼镜,word566
眼泪,word567
演出,word568
演员,word569
演奏,word570
邀请,word571
药草,word572
衣服,word573
医生,word574
医院,word575
医治,word576
仪表,word577
遗迹,word578
蚁,word579
椅子,word580
意图,word581
意志,word582
音乐,word583
引导,word584
饮料,word585
饮食,word586
英雄,word587
鹰,word588
迎接,word589
营利,word590
影响,word591
硬,word592
拥挤,word593
勇敢,word594
勇士,word595
忧愁,word596
游泳,word597
有趣,word598
幼稚,word599
诱饵,word600
宇宙,word601
园林,word602
原谅,word603
愿意,word604
阅读,word605
云,word606
孕妇,word607
运动员,word608
运输,word609
杂志,word610
遭受,word611
遭遇,word612
责怪,word613
责任,word614
增强,word615
眨眼,word616
诈骗,word617
展览,word618
占有,word619
战场,word620
战争,word621
照片,word622
折扣,word623
针线,word624
珍珠,word625
真实,word626
枕头,word627
镇静,word628
镇压,word629
争吵,word630
整齐,word631
正常,word632
证书,word633
政策,word634
政府,word635
蜘蛛,word636
直率,word637
纸,word638
制造,word639
中介,word640
忠诚,word641
肿瘤,word642
种植,word643
种子,word644
主持,word645
主持人,word646
注解,word647
注意,word648
祝贺,word649
专家,word650
专心,word651
庄严,word652
装备,word653
装饰,word654
姿势,word655
资本家,word656
资料,word657
子女,word658
自杀,word659
自首,word660
字母,word661
宗教,word662
走,word663
走廊,word664
走私,word665
阻拦,word666
阻力,word667
阻塞,word668
罪行,word669
醉,word670
尊贵,word671
作品,word672